product_id,product_name,division,sales,cost,gross_profit,units,total_orders,gross_margin_pct,profit_per_unit,revenue_contribution_pct,profit_contribution_pct,profit_rank,margin_rank,product_segment,cost_ratio
OTH-KAZ-38000,Kazookles,Other,1205.75,1113.0,92.75,371,94,7.6923076923076925,0.25,0.8504155239924384,0.0992585838609288,9.0,15.0,High Sales Low Margin,0.9230769230769231
SUG-FUN-75000,Fun Dip,Sugar,12.0,7.2,4.8,8,3,40.0,0.6,0.008463600487588,0.0051368323723176,15.0,14.0,Low Performer,0.6
SUG-NER-92000,Nerds,Sugar,15.0,8.0,7.0,10,4,46.66666666666666,0.7,0.010579500609485,0.0074912138762965,14.0,12.5,Low Performer,0.5333333333333333
SUG-SWE-91000,SweeTARTS,Sugar,61.5,32.8,28.7,41,10,46.66666666666666,0.7,0.0433759524988886,0.0307139768928157,13.0,12.5,Low Performer,0.5333333333333333
OTH-LIC-15000,Lickable Wallpaper,Other,7860.0,3930.0,3930.0,393,92,50.0,10.0,5.543658319370156,4.205781504835043,6.0,11.0,High Sales Low Margin,0.5
OTH-GUM-21000,Wonka Gum,Other,597.5,286.8,310.7,478,118,52.0,0.65,0.4214167742778203,0.3325028787664753,7.0,10.0,High Sales Low Margin,0.48000000000000004
OTH-FIZ-56000,Fizzy Lifting Drinks,Sugar,78.75,31.5,47.25,21,6,60.0,2.25,0.0555423781997964,0.0505656936650014,11.0,9.0,Low Performer,0.4
