division,revenue_contribution_pct,profit_contribution_pct
Chocolate,92.88300772099008,95.05774655725214
Other,6.815490617640414,4.637542967462447
Sugar,0.3015016613695107,0.3047104752854152
