division,sales,cost,gross_profit,units,gross_margin_pct,profit_per_unit,revenue_contribution_pct,profit_contribution_pct,contribution_gap
Other,9663.25,5329.8,4333.45,1242,44.8446433653274,3.4890901771336558,6.815490617640414,4.637542967462447,-2.177947650177967
Sugar,427.48,142.75,284.73,137,66.60662487133902,2.078321167883212,0.3015016613695107,0.3047104752854152,0.0032088139159045515
Chocolate,131692.9,42868.28,88824.62000000001,37275,67.44829827576126,2.3829542588866537,92.88300772099008,95.05774655725214,2.1747388362620654
