factory,sales,cost,gross_profit,units,gross_margin_pct,revenue_contribution_pct,profit_contribution_pct
Lot's O' Nuts,76340.15000000001,23569.1,52771.05,21412,69.12620685183354,53.84271089687858,56.47417457524817
Secret Factory,8587.5,4242.8,4344.7,884,50.59330422125182,6.056764098930179,4.649582418335067
Sugar Shack,142.23,68.25,73.98,86,52.01434296561908,0.10031482477913704,0.07917142893834517
The Other Factory,1282.25,1130.0,152.25,388,11.873659582764672,0.9043709771008119,0.1629339018094492
Unknown,78.75,31.5,47.25,21,60.0,0.05554237819979641,0.05056569366500148
Wicked Choccy's,55352.75,19299.18,36053.57,15863,65.13419839122717,39.0402968241115,38.58357198200396
