sales,gross_profit,gross_margin_pct,cluster
26338.58,17764.924,67.54284524771631,0
1239.7828571428581,623.1328571428576,51.09212730318258,1
1205.75,92.75,7.692307692307693,2
103.25,81.75,78.88888888888889,3
