product_id,product_name,division,sales,cost,gross_profit,units,total_orders,gross_margin_pct,profit_per_unit,revenue_contribution_pct,profit_contribution_pct,profit_rank,margin_rank,product_segment,cost_ratio
CHO-SCR-58000,Wonka Bar -Scrumdiddlyumptious,Chocolate,27874.8,8517.3,19357.5,7743,1704,69.44444444444444,2.5,19.66009757261822,20.715881801487114,1.0,4.0,Star Product,0.3055555555555555
CHO-TRI-54000,Wonka Bar - Triple Dazzle Caramel,Chocolate,28485.0,9874.8,18610.2,7596,1677,65.33333333333333,2.45,20.09047165741207,19.916141211521914,2.0,6.0,Star Product,0.3466666666666666
CHO-MIL-31000,Wonka Bar - Milk Chocolate,Chocolate,26867.75,9424.38,17443.370000000003,8267,1768,64.92307692307693,2.1100000000000003,18.949825166699423,18.667430770482053,3.0,7.0,Star Product,0.3507692307692307
CHO-NUT-13000,Wonka Bar - Nutty Crunch Surprise,Chocolate,23574.95,6755.0,16819.95,6755,1529,71.34670487106017,2.49,16.627413192905273,18.00026326265908,4.0,3.0,Star Product,0.28653295128939826
CHO-FUD-51000,Wonka Bar - Fudge Mallows,Chocolate,24890.4,8296.8,16593.600000000002,6914,1527,66.66666666666667,2.4000000000000004,17.555200131355083,17.75802951110198,5.0,5.0,Star Product,0.33333333333333326
SUG-EVE-47000,Everlasting Gobstopper,Sugar,130.0,26.0,104.0,13,3,80.0,8.0,0.0916890052822035,0.1112980347335482,8.0,1.0,Star Product,0.2
