factory,sales,cost,gross_profit,units,gross_margin_pct
Lot's O' Nuts,76340.15000000001,23569.1,52771.05,21412,69.12620685183354
Secret Factory,8587.5,4242.8,4344.7,884,50.59330422125182
Sugar Shack,142.23,68.25,73.98,86,52.01434296561908
The Other Factory,1282.25,1130.0,152.25,388,11.873659582764672
Unknown,78.75,31.5,47.25,21,60.0
Wicked Choccy's,55352.75,19299.18,36053.57,15863,65.13419839122717
